league,league_country,season,team,coach_name,coach_nationality,domestic_coach,dominant_formation,back_four_rate,avg_age,source_notes,formation_family,kmeans_cluster,hier_cluster,pca1,pca2
Belgian Pro League,Belgium,2019-2020,Club Brugge,Philippe Clement,Belgian,1,3-5-2,0.4827586206896552,26.11686078370109,"coach_name, dominant_formation, back_four_rate from games.csv; avg_age from appearances.csv + players.csv",Back Three,3,2,-0.6783683548052045,-1.0905671327095499
Belgian Pro League,Belgium,2020-2021,Club Brugge,Philippe Clement,Belgian,1,4-3-3 Attacking,0.8235294117647058,26.424966976749257,"coach_name, dominant_formation, back_four_rate from games.csv; avg_age from appearances.csv + players.csv",Back Four,3,1,-0.08452602426944583,-0.8963753251038675
Belgian Pro League,Belgium,2021-2022,Club Brugge,Philippe Clement,Belgian,1,3-5-2,0.5,27.32452263928518,"coach_name, dominant_formation, back_four_rate from games.csv; avg_age from appearances.csv + players.csv",Back Three,2,2,-1.1149552372116562,-0.3714880848601966
Belgian Pro League,Belgium,2022-2023,Royal Antwerp,Mark van Bommel,Dutch,0,4-2-3-1,0.9411764705882352,25.473216747409094,"coach_name, dominant_formation, back_four_rate from games.csv; avg_age from appearances.csv + players.csv",Back Four,0,0,1.6499397205588135,-0.06277095158103756
Belgian Pro League,Belgium,2023-2024,Club Brugge,Ronny Deila,Norwegian,0,4-2-3-1,0.9666666666666668,26.034081720545487,"coach_name, dominant_formation, back_four_rate from games.csv; avg_age from appearances.csv + players.csv",Back Four,0,0,1.4838332145723576,0.27174331765560217
Bundesliga,Germany,2019-2020,Bayern Munich,Hansi Flick,German,1,4-2-3-1,0.9705882352941176,27.13141243399518,"coach_name, dominant_formation, back_four_rate from games.csv; avg_age from appearances.csv + players.csv",Back Four,3,1,-0.05274249371415001,-0.4713642170691994
Bundesliga,Germany,2020-2021,Bayern Munich,Hansi Flick,German,1,4-2-3-1,1.0,27.7394132367511,"coach_name, dominant_formation, back_four_rate from games.csv; avg_age from appearances.csv + players.csv",Back Four,1,3,-0.22907830255109687,-0.10868013823857134
Bundesliga,Germany,2021-2022,Bayern Munich,Julian Nagelsmann,German,1,4-2-3-1,0.7058823529411765,27.24033455861412,"coach_name, dominant_formation, back_four_rate from games.csv; avg_age from appearances.csv + players.csv",Back Four,3,1,-0.6503536696789115,-0.41500680779100163
Bundesliga,Germany,2022-2023,Bayern Munich,Julian Nagelsmann,German,1,4-2-3-1,0.8235294117647058,27.064268829146805,"coach_name, dominant_formation, back_four_rate from games.csv; avg_age from appearances.csv + players.csv",Back Four,3,1,-0.3347782900598483,-0.5160066276840884
Bundesliga,Germany,2023-2024,Bayer Leverkusen,Xabi Alonso,Spanish,0,3-4-2-1,0.0294117647058823,26.68588999887271,"coach_name, dominant_formation, back_four_rate from games.csv; avg_age from appearances.csv + players.csv",Back Three,2,0,-0.7363337903605367,0.6296389196336252
Eredivisie,Netherlands,2018-2019,Ajax,Erik ten Hag,Dutch,1,4-3-3 Defending,1.0,24.88848771588469,"coach_name, dominant_formation, back_four_rate from games.csv; avg_age from appearances.csv + players.csv",Back Four,3,1,0.8869055922567755,-1.8049098969135542
Eredivisie,Netherlands,2020-2021,Ajax,Erik ten Hag,Dutch,1,4-3-3 Defending,1.0,25.16664110259439,"coach_name, dominant_formation, back_four_rate from games.csv; avg_age from appearances.csv + players.csv",Back Four,3,1,0.7780235125313272,-1.6394155518105513
Eredivisie,Netherlands,2021-2022,Ajax,Erik ten Hag,Dutch,1,4-3-3 Defending,1.0,26.64013273032434,"coach_name, dominant_formation, back_four_rate from games.csv; avg_age from appearances.csv + players.csv",Back Four,3,1,0.2012308486594488,-0.7627246913090802
Eredivisie,Netherlands,2022-2023,Feyenoord,Arne Slot,Dutch,1,4-3-3 Defending,0.9705882352941176,23.95605466462629,"coach_name, dominant_formation, back_four_rate from games.csv; avg_age from appearances.csv + players.csv",Back Four,3,1,1.190239164323622,-2.3606230922735043
Eredivisie,Netherlands,2023-2024,PSV Eindhoven,Peter Bosz,Dutch,1,4-3-3 Defending,1.0,26.543137252988345,"coach_name, dominant_formation, back_four_rate from games.csv; avg_age from appearances.csv + players.csv",Back Four,3,1,0.23919935740648732,-0.8204345872393667
La Liga,Spain,2019-2020,Real Madrid,Zinédine Zidane,French,0,4-3-3 Attacking,1.0,28.090766556137176,"coach_name, dominant_formation, back_four_rate from games.csv; avg_age from appearances.csv + players.csv",Back Four,0,0,0.7486374174677525,1.4964835188276486
La Liga,Spain,2020-2021,Atletico Madrid,Diego Simeone,Argentine,0,3-4-2-1,0.3947368421052631,27.841336511289413,"coach_name, dominant_formation, back_four_rate from games.csv; avg_age from appearances.csv + players.csv",Back Three,0,0,-0.4226998437250892,1.3287608292834052
La Liga,Spain,2021-2022,Real Madrid,Carlo Ancelotti,Italian,0,4-3-3 Attacking,1.0,28.117570451593465,"coach_name, dominant_formation, back_four_rate from games.csv; avg_age from appearances.csv + players.csv",Back Four,0,0,0.7381451350744044,1.5124311697882231
La Liga,Spain,2022-2023,Barcelona,Xavi,Spanish,1,4-3-3 Attacking,1.0,26.378913557229044,"coach_name, dominant_formation, back_four_rate from games.csv; avg_age from appearances.csv + players.csv",Back Four,3,1,0.30348409521244385,-0.9181436006063157
La Liga,Spain,2023-2024,Real Madrid,Carlo Ancelotti,Italian,0,4-3-1-2,1.0,27.825282034298947,"coach_name, dominant_formation, back_four_rate from games.csv; avg_age from appearances.csv + players.csv",Back Four,0,0,0.852560318477875,1.3385268331430833
Ligue 1,France,2019-2020,Paris Saint-Germain,Thomas Tuchel,German,0,4-3-3 Attacking,1.0,27.55622780530556,"coach_name, dominant_formation, back_four_rate from games.csv; avg_age from appearances.csv + players.csv",Back Four,0,0,0.9578805677053321,1.1784462605095196
Ligue 1,France,2020-2021,Lille,Christophe Galtier,French,1,4-4-2 double 6,0.9736842105263158,25.85074342090489,"coach_name, dominant_formation, back_four_rate from games.csv; avg_age from appearances.csv + players.csv",Back Four,3,1,0.4550614191915837,-1.2332316055703576
Ligue 1,France,2021-2022,Paris Saint-Germain,Mauricio Pochettino,Argentine,0,4-3-3 Attacking,0.9210526315789472,28.18545858544984,"coach_name, dominant_formation, back_four_rate from games.csv; avg_age from appearances.csv + players.csv",Back Four,0,0,0.5460520152638783,1.550303178977725
Ligue 1,France,2022-2023,Paris Saint-Germain,Christophe Galtier,French,1,4-3-1-2,0.3421052631578947,27.289443826882284,"coach_name, dominant_formation, back_four_rate from games.csv; avg_age from appearances.csv + players.csv",Back Four,2,2,-1.4322609089751421,-0.3973985885624587
Ligue 1,France,2023-2024,Paris Saint-Germain,Luis Enrique,Spanish,0,4-3-3 Attacking,0.9117647058823528,25.1498878598884,"coach_name, dominant_formation, back_four_rate from games.csv; avg_age from appearances.csv + players.csv",Back Four,0,0,1.714841796602181,-0.25608232300602085
Premier League,England,2019-2020,Liverpool,Jürgen Klopp,German,0,4-3-3 Attacking,1.0,27.10994243252929,"coach_name, dominant_formation, back_four_rate from games.csv; avg_age from appearances.csv + players.csv",Back Four,0,0,1.1325772705344137,0.9129175665384441
Premier League,England,2020-2021,Manchester City,Pep Guardiola,Spanish,0,4-3-3 Attacking,0.9210526315789472,26.61635163092796,"coach_name, dominant_formation, back_four_rate from games.csv; avg_age from appearances.csv + players.csv",Back Four,0,0,1.1602729332292414,0.6167235777838559
Premier League,England,2021-2022,Manchester City,Pep Guardiola,Spanish,0,4-3-3 Attacking,1.0,27.467526346417035,"coach_name, dominant_formation, back_four_rate from games.csv; avg_age from appearances.csv + players.csv",Back Four,0,0,0.9926024146427694,1.125671099214223
Premier League,England,2022-2023,Manchester City,Pep Guardiola,Spanish,0,4-3-3 Attacking,0.6052631578947368,27.605193694414968,"coach_name, dominant_formation, back_four_rate from games.csv; avg_age from appearances.csv + players.csv",Back Four,0,0,0.11112021073907481,1.194981038779263
Premier League,England,2023-2024,Manchester City,Pep Guardiola,Spanish,0,4-2-3-1,0.7368421052631579,27.086519107507257,"coach_name, dominant_formation, back_four_rate from games.csv; avg_age from appearances.csv + players.csv",Back Four,0,0,0.5900176769617438,0.8905821325091738
Primeira Liga,Portugal,2019-2020,Porto,Sérgio Conceição,Portuguese,1,4-4-2 double 6,1.0,27.90326881416863,"coach_name, dominant_formation, back_four_rate from games.csv; avg_age from appearances.csv + players.csv",Back Four,1,3,-0.29321894183964425,-0.011190146126810276
Primeira Liga,Portugal,2020-2021,Sporting CP,Rúben Amorim,Portuguese,1,3-4-3,0.0,25.95826909489296,"coach_name, dominant_formation, back_four_rate from games.csv; avg_age from appearances.csv + players.csv",Back Three,2,2,-1.628424783774594,-1.2003333165900982
Primeira Liga,Portugal,2021-2022,Porto,Sérgio Conceição,Portuguese,1,4-4-2 double 6,1.0,26.20834285330642,"coach_name, dominant_formation, back_four_rate from games.csv; avg_age from appearances.csv + players.csv",Back Four,3,1,0.3702533450965452,-1.0196289259275355
Primeira Liga,Portugal,2022-2023,Benfica,Roger Schmidt,German,0,4-2-3-1,1.0,26.417769137752195,"coach_name, dominant_formation, back_four_rate from games.csv; avg_age from appearances.csv + players.csv",Back Four,0,0,1.4035258602936396,0.5010916762555546
Primeira Liga,Portugal,2023-2024,Sporting CP,Rúben Amorim,Portuguese,1,3-4-3,0.0,26.68521370814438,"coach_name, dominant_formation, back_four_rate from games.csv; avg_age from appearances.csv + players.csv",Back Three,2,2,-1.9129844732046353,-0.7678193568670101
Serie A,Italy,2019-2020,Juventus,Maurizio Sarri,Italian,1,4-3-3 Attacking,1.0,29.145526760376,"coach_name, dominant_formation, back_four_rate from games.csv; avg_age from appearances.csv + players.csv",Back Four,1,3,-0.7794960651870172,0.727922426574504
Serie A,Italy,2020-2021,Inter,Antonio Conte,Italian,1,3-5-2 flat,0.0,28.191044087060625,"coach_name, dominant_formation, back_four_rate from games.csv; avg_age from appearances.csv + players.csv",Back Three,2,2,-2.502436017583198,0.12811225605647045
Serie A,Italy,2021-2022,AC Milan,Stefano Pioli,Italian,1,4-2-3-1,1.0,26.016164391968665,"coach_name, dominant_formation, back_four_rate from games.csv; avg_age from appearances.csv + players.csv",Back Four,3,1,0.44548086900489087,-1.1339703293460301
Serie A,Italy,2022-2023,Napoli,Luciano Spalletti,Italian,1,4-3-3 Attacking,1.0,26.87063356583809,"coach_name, dominant_formation, back_four_rate from games.csv; avg_age from appearances.csv + players.csv",Back Four,3,1,0.11100217790310782,-0.6255824286521969
Serie A,Italy,2023-2024,Inter,Simone Inzaghi,Italian,1,3-5-2 flat,0.0,29.50435553360792,"coach_name, dominant_formation, back_four_rate from games.csv; avg_age from appearances.csv + players.csv",Back Three,2,2,-3.0165267619700233,0.9094998937682437
Süper Lig,Turkey,2019-2020,İstanbul Başakşehir,Okan Buruk,Turkish,1,4-1-4-1,1.0,30.57925974047882,"coach_name, dominant_formation, back_four_rate from games.csv; avg_age from appearances.csv + players.csv",Back Four,1,3,-1.3407253584599559,1.580957880866234
Süper Lig,Turkey,2020-2021,Beşiktaş,Sergen Yalçın,Turkish,1,4-1-4-1,1.0,28.14815787735876,"coach_name, dominant_formation, back_four_rate from games.csv; avg_age from appearances.csv + players.csv",Back Four,1,3,-0.3890798293074153,0.13451275404256943
Süper Lig,Turkey,2021-2022,Trabzonspor,Abdullah Avcı,Turkish,1,4-2-3-1,1.0,28.3067846587474,"coach_name, dominant_formation, back_four_rate from games.csv; avg_age from appearances.csv + players.csv",Back Four,1,3,-0.4511736763824289,0.22889174260080877
Süper Lig,Turkey,2022-2023,Galatasaray,Okan Buruk,Turkish,1,4-2-3-1,1.0,28.023699240425486,"coach_name, dominant_formation, back_four_rate from games.csv; avg_age from appearances.csv + players.csv",Back Four,1,3,-0.3403609717396938,0.06046296138920491
Süper Lig,Turkey,2023-2024,Galatasaray,Okan Buruk,Turkish,1,4-2-3-1,1.0,28.871841812887784,"coach_name, dominant_formation, back_four_rate from games.csv; avg_age from appearances.csv + players.csv",Back Four,1,3,-0.672363138910021,0.565086691641018
